{"stats":{"minecraft:mined":{"minecraft:birch_leaves":1,"minecraft:oak_leaves":1},"minecraft:custom":{"minecraft:jump":29,"minecraft:time_since_rest":1337,"minecraft:crouch_one_cm":50,"minecraft:leave_game":3,"minecraft:play_time":1337,"minecraft:sprint_one_cm":1673,"minecraft:time_since_death":1337,"minecraft:walk_on_water_one_cm":332,"minecraft:walk_one_cm":1284,"minecraft:sneak_time":18,"minecraft:climb_one_cm":582,"minecraft:total_world_time":1337,"minecraft:fall_one_cm":209,"minecraft:fly_one_cm":2824}},"DataVersion":3953}