{"stats":{"minecraft:custom":{"minecraft:time_since_rest":251923,"minecraft:crouch_one_cm":251,"minecraft:play_time":266943,"minecraft:sprint_one_cm":34520,"minecraft:damage_taken":250,"minecraft:deaths":1,"minecraft:walk_one_cm":53482,"minecraft:sneak_time":158,"minecraft:jump":234,"minecraft:leave_game":17,"minecraft:walk_on_water_one_cm":3770,"minecraft:time_since_death":251894,"minecraft:climb_one_cm":1628,"minecraft:total_world_time":266943,"minecraft:fall_one_cm":5642,"minecraft:fly_one_cm":103974},"minecraft:mined":{"minecraft:short_grass":8,"minecraft:emerald_ore":1,"minecraft:birch_leaves":1,"minecraft:sugar_cane":2,"minecraft:oak_leaves":7},"minecraft:picked_up":{"minecraft:coal_ore":1,"minecraft:emerald":2,"minecraft:sugar_cane":4,"minecraft:diamond_pickaxe":1},"minecraft:used":{"minecraft:emerald_ore":8,"minecraft:diamond_pickaxe":6,"minecraft:iron_ore":2,"minecraft:firework_rocket":8,"minecraft:coal_ore":16}},"DataVersion":3953}