{"stats":{"minecraft:custom":{"minecraft:time_since_rest":6021,"minecraft:crouch_one_cm":60,"minecraft:play_time":21041,"minecraft:sprint_one_cm":18468,"minecraft:walk_one_cm":14321,"minecraft:deaths":1,"minecraft:sneak_time":112,"minecraft:jump":126,"minecraft:leave_game":5,"minecraft:walk_on_water_one_cm":2779,"minecraft:time_since_death":5992,"minecraft:climb_one_cm":1628,"minecraft:total_world_time":21041,"minecraft:fall_one_cm":3255,"minecraft:fly_one_cm":51081},"minecraft:used":{"minecraft:emerald_ore":1,"minecraft:diamond_pickaxe":5,"minecraft:firework_rocket":8,"minecraft:coal_ore":4},"minecraft:picked_up":{"minecraft:coal_ore":1,"minecraft:emerald":2,"minecraft:diamond_pickaxe":1},"minecraft:mined":{"minecraft:emerald_ore":1,"minecraft:birch_leaves":1,"minecraft:oak_leaves":5}},"DataVersion":3953}