{"stats":{"minecraft:used":{"minecraft:emerald_ore":5,"minecraft:diamond_pickaxe":6,"minecraft:firework_rocket":8,"minecraft:coal_ore":9},"minecraft:custom":{"minecraft:time_since_rest":145394,"minecraft:crouch_one_cm":60,"minecraft:play_time":160414,"minecraft:sprint_one_cm":30414,"minecraft:damage_taken":250,"minecraft:deaths":1,"minecraft:walk_one_cm":27357,"minecraft:sneak_time":112,"minecraft:jump":192,"minecraft:leave_game":12,"minecraft:walk_on_water_one_cm":3770,"minecraft:time_since_death":145365,"minecraft:climb_one_cm":1628,"minecraft:total_world_time":160414,"minecraft:fall_one_cm":5353,"minecraft:fly_one_cm":63599},"minecraft:mined":{"minecraft:short_grass":8,"minecraft:emerald_ore":1,"minecraft:birch_leaves":1,"minecraft:sugar_cane":2,"minecraft:oak_leaves":7},"minecraft:picked_up":{"minecraft:coal_ore":1,"minecraft:emerald":2,"minecraft:sugar_cane":4,"minecraft:diamond_pickaxe":1}},"DataVersion":3953}