{"stats":{"minecraft:used":{"minecraft:emerald_ore":1,"minecraft:diamond_pickaxe":5,"minecraft:firework_rocket":8,"minecraft:coal_ore":4},"minecraft:custom":{"minecraft:time_since_rest":40276,"minecraft:crouch_one_cm":60,"minecraft:play_time":55296,"minecraft:sprint_one_cm":21872,"minecraft:damage_taken":220,"minecraft:deaths":1,"minecraft:walk_one_cm":18550,"minecraft:sneak_time":112,"minecraft:jump":153,"minecraft:leave_game":11,"minecraft:walk_on_water_one_cm":3144,"minecraft:time_since_death":40247,"minecraft:climb_one_cm":1628,"minecraft:total_world_time":55296,"minecraft:fall_one_cm":4366,"minecraft:fly_one_cm":55677},"minecraft:picked_up":{"minecraft:coal_ore":1,"minecraft:emerald":2,"minecraft:sugar_cane":4,"minecraft:diamond_pickaxe":1},"minecraft:mined":{"minecraft:short_grass":4,"minecraft:emerald_ore":1,"minecraft:birch_leaves":1,"minecraft:sugar_cane":2,"minecraft:oak_leaves":5}},"DataVersion":3953}