{"stats":{"minecraft:custom":{"minecraft:jump":101,"minecraft:time_since_rest":14996,"minecraft:crouch_one_cm":60,"minecraft:leave_game":4,"minecraft:sprint_one_cm":15000,"minecraft:play_time":14996,"minecraft:time_since_death":14996,"minecraft:walk_on_water_one_cm":798,"minecraft:walk_one_cm":11547,"minecraft:sneak_time":57,"minecraft:total_world_time":14996,"minecraft:climb_one_cm":1240,"minecraft:fall_one_cm":3046,"minecraft:fly_one_cm":20956},"minecraft:used":{"minecraft:emerald_ore":1,"minecraft:diamond_pickaxe":5,"minecraft:coal_ore":4},"minecraft:mined":{"minecraft:emerald_ore":1,"minecraft:birch_leaves":1,"minecraft:oak_leaves":5},"minecraft:picked_up":{"minecraft:emerald":1}},"DataVersion":3953}