{"stats":{"minecraft:used":{"minecraft:emerald_ore":1},"minecraft:mined":{"minecraft:birch_leaves":1,"minecraft:oak_leaves":1},"minecraft:custom":{"minecraft:jump":51,"minecraft:time_since_rest":9025,"minecraft:crouch_one_cm":60,"minecraft:leave_game":4,"minecraft:sprint_one_cm":3560,"minecraft:play_time":9025,"minecraft:time_since_death":9025,"minecraft:walk_on_water_one_cm":332,"minecraft:walk_one_cm":3397,"minecraft:sneak_time":57,"minecraft:total_world_time":9025,"minecraft:climb_one_cm":582,"minecraft:fall_one_cm":1163,"minecraft:fly_one_cm":8415}},"DataVersion":3953}