{"stats":{"minecraft:mined":{"minecraft:short_grass":8,"minecraft:emerald_ore":1,"minecraft:birch_leaves":1,"minecraft:sugar_cane":2,"minecraft:oak_leaves":7},"minecraft:custom":{"minecraft:time_since_rest":210442,"minecraft:crouch_one_cm":194,"minecraft:play_time":225462,"minecraft:sprint_one_cm":31935,"minecraft:damage_taken":250,"minecraft:deaths":1,"minecraft:walk_one_cm":38784,"minecraft:sneak_time":132,"minecraft:jump":214,"minecraft:leave_game":15,"minecraft:walk_on_water_one_cm":3770,"minecraft:time_since_death":210413,"minecraft:climb_one_cm":1628,"minecraft:total_world_time":225462,"minecraft:fall_one_cm":5353,"minecraft:fly_one_cm":73309},"minecraft:picked_up":{"minecraft:coal_ore":1,"minecraft:emerald":2,"minecraft:sugar_cane":4,"minecraft:diamond_pickaxe":1},"minecraft:used":{"minecraft:emerald_ore":8,"minecraft:diamond_pickaxe":6,"minecraft:firework_rocket":8,"minecraft:coal_ore":9}},"DataVersion":3953}